{
  "generated_at": "2025-10-31T11:28:42Z",
  "version": "2.0.0",
  "stages": {},
  "performance": {
    "run_single_pipeline": {
      "count": 1,
      "total": 29.708357095718384,
      "avg": 29.708357095718384,
      "min": 29.708357095718384,
      "max": 29.708357095718384
    }
  },
  "errors": {
    "total_errors": 0,
    "total_warnings": 0,
    "errors_by_stage": {},
    "warnings_by_stage": {}
  }
}