{
  "generated_at": "2025-10-31T11:18:16Z",
  "version": "2.0.0",
  "stages": {},
  "performance": {
    "run_single_pipeline": {
      "count": 1,
      "total": 0.0006299018859863281,
      "avg": 0.0006299018859863281,
      "min": 0.0006299018859863281,
      "max": 0.0006299018859863281
    }
  },
  "errors": {
    "total_errors": 0,
    "total_warnings": 0,
    "errors_by_stage": {},
    "warnings_by_stage": {}
  }
}