{
  "generated_at": "2025-10-31T08:41:42Z",
  "version": "2.0.0",
  "stages": {},
  "performance": {
    "run_single_pipeline": {
      "count": 21,
      "total": 0.11452913284301758,
      "avg": 0.005453768230619885,
      "min": 0.004154205322265625,
      "max": 0.017742156982421875
    },
    "run_batch_pipeline": {
      "count": 1,
      "total": 0.12861895561218262,
      "avg": 0.12861895561218262,
      "min": 0.12861895561218262,
      "max": 0.12861895561218262
    }
  },
  "errors": {
    "total_errors": 0,
    "total_warnings": 0,
    "errors_by_stage": {},
    "warnings_by_stage": {}
  }
}